Price,Close,High,Low,Open,Volume,PD,P,L,avgp,avgl,RS,RSI,ema12,ema26,MACD,SIG,SMA,EMA,MB,STD,UB,LB,O1,O2,O3,TR,ATR,DM+,DM-,sDM+,sDM-,sTR,+DI,-DI,DX,ADX,Strat,Ticker,Close,High,Low,Open,Volume,Close,High,Low,Open,Volume,Close,High,Low,Open,Volume,Close,High,Low,Open,Volume
Ticker,NVDA,NVDA,NVDA,NVDA,NVDA,,,,,,,,,,,,,,,,,,,,,,,,,,,,,,,,,,AAPL,AAPL,AAPL,AAPL,AAPL,NFLX,NFLX,NFLX,NFLX,NFLX,GOOGL,GOOGL,GOOGL,GOOGL,GOOGL,TSLA,TSLA,TSLA,TSLA,TSLA
Date,,,,,,,,,,,,,,,,,,,,,,,,,,,,,,,,,,,,,,,,,,,,,,,,,,,,,,,,,,
2025-05-02,114.5,115.4000015258789,113.37000274658203,114.18000030517578,190194800.0,2.8899993896484375,2.8899993896484375,0.0,1.4449996948242188,0.0,14449996948.242188,99.99999999307958,112.0546159010667,111.82407463921442,0.23054126185228085,0.046108252370456175,113.05500030517578,111.88523864746094,113.05500030517578,2.0435381660453937,117.14207663726657,108.967923973085,2.029998779296875,,,2.029998779296875,2.029998779296875,0.0,0.0,0.0,0.0,2.029998779296875,0.0,0.0,,,0,NVDA,,,,,,,,,,,,,,,,,,,,
2025-05-05,113.81999969482422,114.66999816894531,112.66000366210938,112.91000366210938,133163200.0,-0.6800003051757812,0.0,0.6800003051757812,0.9633331298828125,0.2266667683919271,4.249997193201801,80.95237076898069,112.32621340779862,111.97192093962997,0.35429246816865145,0.10774509553009523,113.31000010172527,112.06950160435268,113.31000010172527,1.5109926560916538,116.33198541390857,110.28801478954196,2.0099945068359375,0.1699981689453125,1.839996337890625,2.0099945068359375,2.0199966430664062,0.0,0.7099990844726562,0.0,0.09466654459635417,2.02733154296875,0.0,4.669514708863452,100.0,100.0,2,NVDA,,,,,,,,,,,,,,,,,,,,
2025-05-06,113.54000091552734,114.73999786376953,110.81999969482422,111.4800033569336,158525600.0,-0.279998779296875,0.0,0.279998779296875,0.7224998474121094,0.23999977111816406,3.010418900588635,75.06494895450389,112.51294994744919,112.08807501191866,0.424874935530525,0.1711710635301812,113.36750030517578,112.2095491577979,113.36750030517578,1.2390685875941971,115.84563748036418,110.88936312998739,3.9199981689453125,0.9199981689453125,3.0,3.9199981689453125,2.6533304850260415,0.0,1.8400039672851562,0.0,0.3273782009548611,2.2796870930989583,0.0,14.360663879963898,100.0,100.0,0,NVDA,,,,,,,,,,,,,,,,,,,,
2025-05-07,117.05999755859375,117.68000030517578,112.27999877929688,113.05000305175781,206758800.0,3.5199966430664062,3.5199966430664062,0.0,1.2819992065429688,0.19199981689453124,6.677085565031993,86.97422359658391,113.21249573377912,112.45636557093164,0.7561301628474837,0.2881628833936417,114.10599975585937,112.67149662454037,114.10599975585937,1.9693591386214604,118.0447180331023,110.16728147861645,5.400001525878906,4.1399993896484375,1.2600021362304688,5.400001525878906,3.339998245239258,2.94000244140625,0.0,0.3920003255208333,0.28372777416087963,2.6957290174696182,14.54153303171361,10.525085137348281,16.023094408972057,88.8030792545296,-2,NVDA,,,,,,,,,,,,,,,,,,,,
2025-05-08,117.37000274658203,118.68000030517578,115.8499984741211,118.25,198428100.0,0.31000518798828125,0.31000518798828125,0.0,1.1200002034505208,0.15999984741210938,7.000007942918539,87.5000124107979,113.85211219728725,112.82033869505389,1.0317735022333636,0.43688500716158607,114.65000025431316,113.11897339806815,114.65000025431316,2.2086918271694755,119.0673839086521,110.23261659997421,2.8300018310546875,1.6200027465820312,1.2099990844726562,2.8300018310546875,3.2379989624023438,1.0,0.0,0.4730669487847222,0.24589740427276235,2.713632059280961,17.432980538639132,9.061560259496584,31.59677438052295,81.17557193799539,1,NVDA,,,,,,,,,,,,,,,,,,,,
2025-05-09,116.6500015258789,118.2300033569336,115.20999908447266,117.3499984741211,132972200.0,-0.720001220703125,0.0,0.720001220703125,0.9600001743861607,0.24000004359654017,3.9999999983333336,79.99999999333333,114.28255670937828,113.10401742326314,1.1785392861151394,0.5852158629522968,114.93571472167969,113.45526179119298,114.93571472167969,2.153298776499794,119.24231227467928,110.6291171686801,3.0200042724609375,0.8600006103515625,2.160003662109375,3.0200042724609375,3.201666514078776,0.0,0.6399993896484375,0.4099913556134259,0.2984443356561857,2.754481687704958,14.884519198057616,10.834863669209955,15.745539267979709,72.4515675819933,-1,NVDA,,,,,,,,,,,,,,,,,,,,
2025-05-12,123.0,123.0,120.27999877929688,121.97000122070312,225023300.0,6.349998474121094,6.349998474121094,0.0,1.6337499618530273,0.21000003814697266,7.779760306194036,88.6101674177311,115.62370183101238,113.8370531696881,1.7866486613242785,0.8255024226266932,115.94375038146973,114.36428447774603,115.94375038146973,3.478993771688267,122.90173792484626,108.9857628380932,2.720001220703125,6.349998474121094,3.6299972534179688,6.349998474121094,3.65142822265625,4.769996643066406,0.0,0.99132539394049,0.2586517575686943,3.2338839258937764,30.65432825225812,7.998176913452713,58.61496232048625,70.60668688045902,1,NVDA,,,,,,,,,,,,,,,,,,,,
2025-05-13,129.92999267578125,131.22000122070312,124.47000122070312,124.9800033569336,330430100.0,6.92999267578125,6.92999267578125,0.0,2.2222213745117188,0.1866667005750868,11.904755194552513,92.2509184798629,117.82466965328452,115.02912276273204,2.7955468905524725,1.2195113162118492,117.49777730305989,115.8467328775589,117.49777730305989,5.685549227010373,128.86887575708064,106.12667884903914,6.75,8.220001220703125,1.470001220703125,8.220001220703125,4.222499847412109,8.220001220703125,0.0,1.9551488375088413,0.22416485655953505,3.8986995652016896,50.14874331327699,5.74973405389698,79.42794034932524,71.78285400964118,-1,NVDA,,,,,,,,,,,,,,,,,,,,
2025-05-14,135.33999633789062,135.44000244140625,131.67999267578125,133.1999969482422,281180800.0,5.410003662109375,5.410003662109375,0.0,2.5409996032714846,0.16800003051757811,15.124994882028405,93.79844764407015,120.51933529707007,116.53363191644749,3.9857033806225814,1.7727497290939958,119.28199920654296,117.70323415949527,119.28199920654296,7.782559291848631,134.84711779024022,103.71688062284571,3.760009765625,5.510009765625,1.75,5.510009765625,4.36555650499132,4.220001220703125,0.0,2.2571291552680792,0.19427620901826373,4.113540925258131,54.870711055984955,4.722846145163187,84.14980958689206,73.4317814199413,1,NVDA,,,,,,,,,,,,,,,,,,,,
2025-05-15,134.8300018310547,136.3000030517578,132.66000366210938,134.2899932861328,226632600.0,-0.5099945068359375,0.0,0.5099945068359375,2.309999639337713,0.1990904374556108,11.602765394960135,92.06523355263043,122.72097630229848,117.88891857678877,4.8320577255097135,2.3846113283771393,120.69545399058948,119.33435489011998,120.69545399058948,8.745730667589157,138.1869153257678,103.20399265541117,3.6399993896484375,0.9600067138671875,2.67999267578125,3.6399993896484375,4.293000793457031,0.8600006103515625,0.0,2.0708453492792103,0.16837271448249524,4.050402053843506,51.12690843404408,4.156938304994268,84.9614722918372,74.96907353619409,-1,NVDA,,,,,,,,,,,,,,,,,,,,
2025-05-16,135.39999389648438,136.35000610351562,133.4600067138672,136.22000122070312,226542500.0,0.5699920654296875,0.5699920654296875,0.0,2.164999008178711,0.18249956766764322,11.86303636036644,92.225785794393,124.6715943937117,119.18603526713659,5.485559126575112,3.004800888016734,121.92083231608073,120.86441574786897,121.92083231608073,9.35697561111566,140.63478353831206,103.20688109384942,2.8899993896484375,1.5200042724609375,1.3699951171875,2.8899993896484375,4.165455211292613,0.0500030517578125,0.0,1.8013997096096905,0.14592301921816256,3.895681698617497,46.24093673384488,3.745763399251737,85.01295989021834,76.30825838339733,1,NVDA,,,,,,,,,,,,,,,,,,,,
2025-05-19,135.57000732421875,135.8699951171875,132.38999938964844,132.38999938964844,192376100.0,0.170013427734375,0.170013427734375,0.0,2.011538578913762,0.16846113938551682,11.940668245846103,92.27242379603545,126.34827330609741,120.39966282692045,5.948610479176963,3.59356280624878,122.97076885516827,122.2649482789499,122.97076885516827,9.725619643029098,142.42200814122646,103.51952956911008,3.4799957275390625,0.470001220703125,3.0099945068359375,3.4799957275390625,4.108333587646484,0.0,1.07000732421875,1.5612130816617318,0.2691342598849076,3.8402569024737057,40.65387085577725,7.008235821711419,70.59200144410956,75.5460907914923,-1,NVDA,,,,,,,,,,,,,,,,,,,,
2025-05-02,,,,,,-7.959564208984375,0.0,7.959564208984375,0.0,3.9797821044921875,0.0,0.0,211.8160858154297,212.4510368064598,-0.6349509910301094,-0.1269901982060219,209.06085205078125,212.28258042108445,209.06085205078125,5.628261827462589,220.31737570570644,197.80432839585606,4.82367623040588,,,4.82367623040588,4.82367623040588,0.0,0.0,0.0,0.0,4.82367623040588,0.0,0.0,,,0,AAPL,205.08106994628906,206.71892151455646,201.89524528415058,205.82009105417706,101010600.0,,,,,,,,,,,,,,,
2025-05-05,,,,,,-6.4515380859375,0.0,6.4515380859375,0.0,4.803700764973958,0.0,0.0,209.78738520695615,211.42722162526658,-1.6398364183104377,-0.42955944222690506,205.58374532063803,210.98229008196705,205.58374532063803,7.218689578978884,220.0211244785958,191.14636616268027,5.8822858113222765,1.2483544279330943,7.130640239255371,7.130640239255371,5.977158234830625,0.0,3.9448155771168842,0.0,0.5259754102822513,5.131271431585812,0.0,10.250391492536954,100.0,100.0,2,AAPL,198.62953186035156,203.83271551835597,197.9504297070337,202.83402512431957,69018500.0,,,,,,,,,,,,,,,
2025-05-06,,,,,,-0.3795166015625,0.0,0.3795166015625,0.0,3.6976547241210938,0.0,0.0,208.01240521493045,210.4511322647868,-2.4387270498563396,-0.8313929637527919,203.75031280517578,209.7696924797596,203.75031280517578,6.941581374594867,217.6334755543655,189.86715005598606,3.625235596523652,1.7576801310533767,1.867555465470275,3.625235596523652,5.193184022061634,0.0,1.1884533121524044,0.0,0.6143057971982717,4.930466653577525,0.0,12.459384483465357,100.0,100.0,-2,AAPL,198.25001525878906,200.38721199140494,196.7619763948813,197.9504203457911,51216500.0,,,,,,,,,,,,,,,
2025-05-07,,,,,,-2.2570343017578125,0.0,2.2570343017578125,0.0,3.4095306396484375,0.0,0.0,206.1632630214075,209.38015809384194,-3.216895072434454,-1.3084933854891245,202.19884643554687,208.45762471569023,202.19884643554687,6.940778304018884,216.08040304358462,188.31728982750911,6.181895697439558,0.9287903492048315,5.253105348234726,6.181895697439558,5.440361940906115,0.0,3.765066484326951,0.0,1.0344072221487624,5.097323859425796,0.0,20.29314304281397,100.0,100.0,2,AAPL,195.99298095703125,199.1788056079939,192.99690991055434,198.90915494694545,68536700.0,,,,,,,,,,,,,,,
2025-05-08,,,,,,1.2383880615234375,1.2383880615234375,0.0,0.20639801025390625,2.8412755330403647,0.07264272959327588,6.772313612829919,204.78912548250705,208.48024779196882,-3.6911223094617753,-1.7850191702836549,201.37093353271484,207.3884575064392,201.37093353271484,6.530862226420487,214.4326579855558,188.30920907987388,5.362977713494274,3.7950330011230733,1.567944712371201,5.362977713494274,5.424885095423747,0.6092083501604293,0.0,0.08122778002139057,0.8964862591955941,5.132744373301593,1.5825409199005462,17.46602195618281,83.38414367324766,97.78455248976636,-2,AAPL,197.2313690185547,199.78801395815432,194.42503624466005,197.46106353953903,50478900.0,,,,,,,,,,,,,,,
2025-05-09,,,,,,1.03863525390625,1.03863525390625,0.0,0.32528904506138395,2.4353790283203125,0.13356813919531033,11.782982828904025,203.78618375788457,207.72393345719044,-3.9377496993058685,-2.2155652760880975,200.92794363839286,206.52003338891745,200.92794363839286,6.0759483355032575,213.07984030939937,188.77604696738635,2.996071205735632,3.045997475778904,0.049926270043272325,3.045997475778904,5.02840382548294,0.4893525361792683,0.0,0.13564441417577427,0.776954757969515,4.854511453631901,2.7941928960594367,16.004798122131042,70.27294823051206,94.11633858853246,2,AAPL,198.27000427246094,200.2773664943336,197.28129528859796,198.739389980464,36453900.0,,,,,,,,,,,,,,,
2025-05-12,,,,,,12.519989013671875,12.519989013671875,0.0,1.8496265411376953,2.1309566497802734,0.8679794313233052,46.46621995770131,204.86369291607662,207.95104900007505,-3.0873560839984293,-2.3899234376701637,202.16069984436035,206.92669623627128,202.16069984436035,6.618215225549922,215.3971302954602,188.92426939326052,4.5200042724609375,13.0,8.479995727539062,13.0,6.167203278985377,10.992637778127346,0.0,1.583243529369317,0.6733607902402463,5.940576593147648,26.651344436759906,11.334939962173978,40.320880857238556,86.94361089102661,-2,AAPL,210.7899932861328,211.27000427246094,206.75,210.97000122070312,63775800.0,,,,,,,,,,,,,,,
2025-05-13,,,,,,2.1399993896484375,2.1399993896484375,0.0,1.8818901909722223,1.8941836886935763,0.9935098702971179,49.83721852097189,206.10466210987732,208.31985964271996,-2.2151975328426374,-2.3549782567046584,203.35728793674045,207.49843875431986,203.35728793674045,7.156261855233557,217.66981164720755,189.04476422627334,4.399993896484375,2.6100006103515625,1.7899932861328125,4.399993896484375,5.946302106172752,2.1299896240234375,0.0,1.6561430086565332,0.5835793515415468,5.735165566925879,28.876986886086474,10.175457791610935,47.888241693498536,81.7362283313562,1,AAPL,212.92999267578125,213.39999389648438,209.0,210.42999267578125,51909300.0,,,,,,,,,,,,,,,
2025-05-14,,,,,,-0.5999908447265625,0.0,0.5999908447265625,1.693701171875,1.764764404296875,0.9597321702858339,48.97261905670781,207.06240668236615,208.61690721222624,-1.5545005298600927,-2.194882711335745,204.2545593261719,207.9585876187708,204.2545593261719,7.319345030591985,218.89324938735587,189.6158692649879,3.3600006103515625,1.010009765625,2.3499908447265625,3.3600006103515625,5.65893527330373,0.540008544921875,0.0,1.507325080158579,0.5057687713360073,5.418476906049303,27.818243139059412,9.33415016997408,49.75209218780255,77.47167684554906,0,AAPL,212.3300018310547,213.94000244140625,210.5800018310547,212.42999267578125,49325800.0,,,,,,,,,,,,,,,
2025-05-15,,,,,,-0.8800048828125,0.0,0.8800048828125,1.5397283380681819,1.6843317205255681,0.9141479194468416,47.75743348565329,207.737420569424,208.82676571119038,-1.0893451417663869,-1.9737751974218736,204.90869001908735,208.29110279300616,204.90869001908735,7.274770587910068,219.45823119490748,190.3591488432672,3.420013427734375,0.6300048828125,2.790008544921875,3.420013427734375,5.435043088746795,0.0,1.040008544921875,1.3063484028041017,0.5770007411474563,5.152015108940646,25.35606699866049,11.199515703013898,38.72609940642026,72.30559985366521,0,AAPL,211.4499969482422,212.9600067138672,209.5399932861328,210.9499969482422,45029500.0,,,,,,,,,,,,,,,
2025-05-16,,,,,,-0.19000244140625,0.0,0.19000244140625,1.4114176432291667,1.5598042805989583,0.9048684252851912,47.50293580774309,208.27935502133352,209.0070048812382,-0.7276498599046874,-1.7245501299184365,205.4379653930664,208.57385438479946,205.4379653930664,7.174451836553604,219.7868690661736,191.0890617199592,2.8000030517578125,1.1200103759765625,1.67999267578125,2.8000030517578125,5.195493994475069,0.0,0.0,1.1321686157635549,0.5000673089944621,4.838413501316269,23.399583674598162,10.335357010276633,38.726099406420275,67.8283331273659,0,AAPL,211.25999450683594,212.57000732421875,209.77000427246094,212.36000061035156,54737900.0,,,,,,,,,,,,,,,
2025-05-19,,,,,,-2.4799957275390625,0.0,2.4799957275390625,1.3028470552884615,1.6305882380558894,0.7990043254340616,44.41369673979404,208.35637713794327,208.99018961442772,-0.6338124764844508,-1.5064025992316394,205.6950448843149,208.5934871842754,205.6950448843149,6.931271946868246,219.5575887780514,191.8325009905784,5.220001220703125,1.779998779296875,7.0,7.0,5.345869494935481,0.0,5.510009765625,0.9812128003284143,1.1680596365452005,5.1266250344741,19.13954685061279,22.784183135894637,8.693492412184757,59.94368769867508,-1,AAPL,208.77999877929688,209.47999572753906,204.25999450683594,207.91000366210938,45310800.0,,,,,,,,,,,,,,,
2025-05-02,,,,,,23.02001953125,23.02001953125,0.0,11.510009765625,0.0,115100097656.25,99.99999999913119,1137.0115121694712,1135.1751573350696,1.836354834401618,0.3672709668803236,1144.97998046875,1135.662353515625,1144.97998046875,16.277611913593645,1177.5352042959373,1112.4247566415627,26.1199951171875,,,26.1199951171875,26.1199951171875,0.0,0.0,0.0,0.0,26.1199951171875,0.0,0.0,,,0,NFLX,,,,,,1156.489990234375,1159.43994140625,1133.3199462890625,1136.6600341796875,3774300.0,,,,,,,,,,
2025-05-05,,,,,,-22.429931640625,0.0,22.429931640625,7.67333984375,7.476643880208333,1.0263080556718391,50.649162292924814,1136.557442388591,1135.092557428305,1.4648849602858718,0.5867937655614333,1141.3400065104167,1135.509753999256,1141.3400065104167,13.123587773807046,1167.5871820580307,1115.0928309628027,37.010009765625,12.469970703125,49.47998046875,49.47998046875,37.79998779296875,0.0,26.3099365234375,0.0,3.5079915364583334,29.234659830729168,0.0,11.999426560014252,100.0,100.0,0,NFLX,,,,,,1134.06005859375,1144.02001953125,1107.010009765625,1114.800048828125,5662300.0,,,,,,,,,,
2025-05-06,,,,,,3.6298828125,3.6298828125,0.0,6.6624755859375,5.60748291015625,1.1881401499684712,54.29908819988478,1136.7316730066923,1135.2849562414863,1.4467167652060198,0.7587783654903506,1140.427490234375,1135.7173908951602,1140.427490234375,10.869672542785073,1162.1668353199452,1118.6881451488048,21.260009765625,13.5999755859375,7.6600341796875,21.260009765625,32.286661783854164,3.6400146484375,0.0,0.48533528645833335,3.0402593315972224,28.171373155381946,1.722795987903818,10.792016827963538,72.46789043908818,96.3290520585451,0,NFLX,,,,,,1137.68994140625,1147.6600341796875,1126.4000244140625,1129.4300537109375,3256700.0,,,,,,,,,,
2025-05-07,,,,,,17.7200927734375,17.7200927734375,0.0,8.8739990234375,4.485986328125,1.9781600687465168,66.42222120650177,1139.605267033307,1136.7757027554271,2.8295642778798538,1.1729355479682515,1143.4239990234375,1137.5928807317819,1143.4239990234375,11.55455150601596,1166.5331020354695,1120.3148960114056,26.0,26.31005859375,0.31005859375,26.31005859375,30.792510986328125,16.3399658203125,0.0,2.5992860243055556,2.634891420717593,27.92319788049769,9.308697504596946,9.436209391181057,0.6802481724400095,83.57587820706442,0,NFLX,,,,,,1155.4100341796875,1164.0,1138.0,1139.1800537109375,4349700.0,,,,,,,,,,
2025-05-08,,,,,,-10.97998046875,0.0,10.97998046875,7.394999186197917,5.568318684895833,1.3280488428444628,57.0455747492747,1140.3475419067886,1137.3426917150946,3.004850191694004,1.539318476713402,1143.5916748046875,1138.2440400631301,1143.5916748046875,10.342863211405598,1164.2774012274988,1122.9059483818762,23.090087890625,6.8800048828125,16.2100830078125,23.090087890625,29.2520263671875,0.0,0.0,2.2527145543981484,2.283572564621914,27.27878321518133,8.258119640558073,8.3712405594068,0.6802481724400087,72.52312753578117,0,NFLX,,,,,,1144.4300537109375,1162.2900390625,1139.199951171875,1161.6199951171875,3760900.0,,,,,,,,,,
2025-05-09,,,,,,-4.2100830078125,0.0,4.2100830078125,6.338570731026786,5.374285016741071,1.1794258605868484,54.11635614295535,1140.3279155677633,1137.5558234919858,2.7720920757774365,1.7858731965262091,1143.1100027901787,1138.4322239336057,1143.1100027901787,9.527315379920365,1162.1646335500193,1124.055372030338,17.780029296875,6.5699462890625,11.2100830078125,17.780029296875,27.34002685546875,0.0,5.97998046875,1.9523526138117286,2.7764269518389924,26.012282692740488,7.505502830616982,10.673522906983624,17.42678690318406,65.17694878476823,0,NFLX,,,,,,1140.219970703125,1151.0,1133.219970703125,1147.0999755859375,2569600.0,,,,,,,,,,
2025-05-12,,,,,,-30.219970703125,0.0,30.219970703125,5.5462493896484375,8.479995727539062,0.6540391726344164,39.541939722788854,1135.662082403492,1135.5146513814684,0.1474310220235111,1.4581847616256696,1138.9712524414062,1135.724393082786,1138.9712524414062,14.657307681351961,1168.2858678041102,1109.6566370787023,27.0699462890625,10.219970703125,37.2899169921875,37.2899169921875,28.761439732142858,0.0,30.2899169921875,1.692038931970165,6.444892290552127,27.51596726600009,6.149298389596941,23.42237228387647,58.41088278375134,64.27480665129931,2,NFLX,,,,,,1110.0,1130.0,1102.9300537109375,1124.260009765625,6479100.0,,,,,,,,,,
2025-05-13,,,,,,28.43994140625,28.43994140625,0.0,8.08999294704861,7.537773980034722,1.0732602182513329,51.76678782543571,1136.0894453269932,1135.7313395314522,0.35810579554095057,1.2381689684087258,1138.9122178819443,1135.9830167326397,1138.9122178819443,13.711799685690037,1166.3358172533244,1111.4886185105643,41.5799560546875,37.8800048828125,3.699951171875,41.5799560546875,30.363754272460938,17.8800048828125,0.0,3.8504343920824766,5.58557331847851,29.39116577115841,13.100652155352455,19.004259177632353,18.38848567762432,58.15663052147598,0,NFLX,,,,,,1138.43994140625,1147.8800048828125,1106.300048828125,1114.4599609375,3997900.0,,,,,,,,,,
2025-05-14,,,,,,12.550048828125,12.550048828125,0.0,8.53599853515625,6.78399658203125,1.2582551349804179,55.71802386231832,1138.381836851206,1136.861609953891,1.520226897314842,1.294580554189949,1140.1199951171875,1137.4122523042336,1140.1199951171875,13.479997244729931,1167.0799896066474,1113.1600006277276,24.5,14.4600830078125,10.0399169921875,24.5,29.71222601996528,5.02001953125,0.0,4.006379077304813,4.840830209348042,28.739010335003954,13.940560341512755,16.84410894084247,9.43180052609477,51.65998652209183,0,NFLX,,,,,,1150.989990234375,1152.9000244140625,1128.4000244140625,1129.5999755859375,3910100.0,,,,,,,,,,
2025-05-15,,,,,,26.989990234375,26.989990234375,0.0,10.213634144176137,6.167269620028409,1.6561030688266678,62.350858604227675,1144.4738589462127,1139.9074151772138,4.566443768998852,1.9489531971517295,1143.5618119673295,1141.2758454627588,1143.5618119673295,17.14194938375659,1177.8457107348427,1109.2779131998163,40.1500244140625,36.81005859375,3.3399658203125,40.1500244140625,30.756005859375,34.9000244140625,0.0,8.125531788872504,4.19538618143497,30.260478878878427,26.851960345360098,13.864242526456897,31.898155777912823,49.025075756201296,-2,NFLX,,,,,,1177.97998046875,1187.800048828125,1147.6500244140625,1147.739990234375,4464000.0,,,,,,,,,,
2025-05-16,,,,,,13.550048828125,13.550048828125,0.0,10.491668701171875,5.653330485026042,1.855838559018536,64.98401505077831,1151.7132697693914,1143.731312519411,7.981957249980496,3.155554007717483,1147.5591634114583,1146.061958208865,1147.5591634114583,21.42145979600978,1190.4020830034779,1104.7162438194387,17.1099853515625,18.52001953125,1.4100341796875,18.52001953125,29.64364346590909,8.699951171875,0.0,8.202121039939504,3.636001357243641,28.695084299194637,28.58371473810135,12.671164577640534,38.571316713048695,47.63124121711429,1,NFLX,,,,,,1191.530029296875,1196.5,1179.3900146484375,1193.1400146484375,4698400.0,,,,,,,,,,
2025-05-19,,,,,,0.1099853515625,0.1099853515625,0.0,9.693077674278847,5.2184589092548075,1.85745980617049,65.00388219492822,1157.8558459046294,1147.2801052697093,10.575740634920066,4.639591333158,1150.9499981219951,1150.4027254888242,1150.9499981219951,23.876974443741524,1198.7039470094783,1103.196049234512,19.9300537109375,0.1099853515625,19.820068359375,19.9300537109375,28.834177652994793,0.0,7.6800537109375,7.108504901280904,4.175208337736156,27.526413554093686,25.8243046712627,15.168007010906894,25.995844642718623,44.74652167386153,-1,NFLX,,,,,,1191.6400146484375,1191.6400146484375,1171.7099609375,1173.5799560546875,2850700.0,,,,,,,,,,
2025-05-02,,,,,,2.7299957275390625,2.7299957275390625,0.0,1.3649978637695312,0.0,13649978637.695312,99.99999999267398,161.72000239445612,161.50222495750143,0.21777743695469098,0.0435554873909382,162.66500091552734,161.56000264485678,162.66500091552734,1.9303984915531736,166.5257978986337,158.804203932421,3.100006103515625,,,3.100006103515625,3.100006103515625,0.0,0.0,0.0,0.0,3.100006103515625,0.0,0.0,,,0,GOOGL,,,,,,,,,,,164.02999877929688,164.97000122070312,161.8699951171875,163.41000366210938,25715000.0,,,,,
2025-05-05,,,,,,0.1800079345703125,0.1800079345703125,0.0,0.970001220703125,0.0,9700012207.03125,99.99999998969074,162.1030799820578,161.7028013838989,0.40027859815890565,0.1149001095445317,163.18000284830728,161.81238398476253,163.18000284830728,1.6306134245726782,166.44122969745263,159.91877599916194,2.6699981689453125,1.3600006103515625,1.30999755859375,2.6699981689453125,2.8850021362304688,0.4199981689453125,0.0,0.055999755859375,0.0,3.042671712239583,1.8404797216245168,0.0,100.0,100.0,1,GOOGL,,,,,,,,,,,164.2100067138672,165.38999938964844,162.72000122070312,163.0,21341800.0,,,,,
2025-05-06,,,,,,-0.980010986328125,0.0,0.980010986328125,0.7275009155273438,0.24500274658203125,2.969358202630711,74.80701037922843,162.27645163520876,161.81592689083521,0.4605247443735436,0.18402503651033408,163.19250106811523,161.94739462693173,163.19250106811523,1.3316249155040727,165.8557508991234,160.52925123710708,3.6100006103515625,0.589996337890625,3.0200042724609375,3.6100006103515625,3.1266682942708335,0.0,1.529998779296875,0.04853312174479167,0.20399983723958334,3.1183155653211805,1.556389041716272,6.541988229423207,61.56294058408863,94.87505874454516,-1,GOOGL,,,,,,,,,,,163.22999572753906,164.8000030517578,161.19000244140625,162.1699981689453,21277200.0,,,,,
2025-05-07,,,,,,-11.849990844726562,0.0,11.849990844726562,0.582000732421875,2.5660003662109374,0.2268124120569009,18.48794565720297,160.60007521176317,161.0428956309817,-0.44282041921852056,0.058655945364563145,160.8300018310547,160.94097655606322,160.8300018310547,5.4071186330847,171.6442390972241,150.01576456488527,17.160003662109375,1.7700042724609375,15.389999389648438,17.160003662109375,6.635002136230469,0.0,13.350006103515625,0.042062038845486115,1.9568006727430556,4.99054064489294,0.8428353126134784,39.21019408479407,95.79140292110822,94.99723796808689,2,GOOGL,,,,,,,,,,,151.3800048828125,165.0,147.83999633789062,164.0800018310547,127490100.0,,,,,
2025-05-08,,,,,,2.899993896484375,2.899993896484375,0.0,0.9683329264322916,2.1383336385091147,0.45284463983934076,31.1695158189397,159.62775576061452,160.54194030863468,-0.9141845480201596,-0.1359121533123814,159.73833465576172,160.30659772018072,159.73833465576172,5.526297934374709,170.79093052451114,148.6857387870123,3.029998779296875,4.54998779296875,1.519989013671875,4.54998779296875,6.217999267578125,0.0,0.0,0.0364537669994213,1.6958939163773148,4.931800264636382,0.7391574079107401,34.38691401470111,95.79140292110824,95.10312662848975,-2,GOOGL,,,,,,,,,,,154.27999877929688,155.92999267578125,152.89999389648438,155.0,57498700.0,,,,,
2025-05-09,,,,,,-1.529998779296875,0.0,1.529998779296875,0.8299996512276786,2.051428658621652,0.404595913047687,28.80514668235054,158.56963948975076,159.9647595450321,-1.3951200552813532,-0.38775373370617583,158.74000113351005,159.58692174683017,158.74000113351005,5.694441395002837,170.12888392351573,147.35111834350437,2.850006103515625,0.7700042724609375,2.0800018310546875,2.850006103515625,5.656667073567708,0.0,0.6999969482421875,0.0315932647328318,1.5631076539592978,4.654227709820281,0.678807886132665,33.58468367719068,96.03771912808044,95.22773896176851,2,GOOGL,,,,,,,,,,,152.75,155.0500030517578,152.1999969482422,154.1699981689453,32435300.0,,,,,
2025-05-12,,,,,,5.7100067138671875,5.7100067138671875,0.0,1.4400005340576172,1.7950000762939453,0.8022286756391106,44.513145666968285,158.5527729088456,159.85329637235324,-1.3005234635076306,-0.5703076796664668,158.7050018310547,159.4795965055956,158.7050018310547,5.272957615071497,169.25091706119767,148.1590866009117,2.850006103515625,6.350006103515625,3.5,6.350006103515625,5.755715506417411,4.0500030517578125,0.0,0.5673812363361626,1.354693300098058,4.8803314956463275,11.625874939895272,27.758223008141155,40.96157817180676,87.99225085644028,0,GOOGL,,,,,,,,,,,158.4600067138672,159.10000610351562,156.25,157.49000549316406,44138800.0,,,,,
2025-05-13,,,,,,1.0699920654296875,1.0699920654296875,0.0,1.3988884819878473,1.5955556233723958,0.8767406547340899,46.716132701793725,158.70311535045352,159.82934840249723,-1.126233052043716,-0.6814927541419167,158.79666815863715,159.48439672213857,158.79666815863715,4.940060343716464,168.67678884607008,148.9165474712042,4.410003662109375,2.1100006103515625,2.3000030517578125,4.410003662109375,5.587501525878906,1.470001220703125,0.0,0.6877305675850909,1.1740675267516505,4.817621117841401,14.275314533103794,24.370275246503965,26.121895851430406,79.74287018910564,0,GOOGL,,,,,,,,,,,159.52999877929688,160.57000732421875,156.16000366210938,158.7899932861328,42382100.0,,,,,
2025-05-14,,,,,,5.839996337890625,5.839996337890625,0.0,1.842999267578125,1.4360000610351562,1.2834256191613505,56.20614958470699,159.72878916072028,160.23976667765947,-0.5109775169391924,-0.6473897067013719,159.4540008544922,160.0449299026194,159.4540008544922,5.100341319407343,169.6546834933069,149.2533182156775,7.3899993896484375,7.470001220703125,0.0800018310546875,7.470001220703125,5.796668158637153,6.42999267578125,0.0,1.4533655153445788,1.0175251898514304,5.171271798222964,28.104605057579988,19.676497959381845,17.638996519620413,71.46235369984095,-2,GOOGL,,,,,,,,,,,165.3699951171875,167.0,159.61000061035156,159.9600067138672,48755900.0,,,,,
2025-05-15,,,,,,-1.4099884033203125,0.0,1.4099884033203125,1.6754538796164773,1.4336353648792615,1.1686750484428192,53.88889632321664,160.37974570735827,160.51534001367486,-0.13559430631659097,-0.5450306266244157,159.863637750799,160.41779436083348,159.863637750799,5.025729765117019,169.91509728103304,149.81217822056496,3.8400115966796875,0.8400115966796875,3.0,3.8400115966796875,5.601002502441406,0.0,0.0,1.2595834466319684,0.8818551645379064,4.993770438017194,25.223094699004495,17.65910498857557,17.638996519620413,64.28590607581154,1,GOOGL,,,,,,,,,,,163.9600067138672,166.2100067138672,162.3699951171875,165.83999633789062,33146700.0,,,,,
2025-05-16,,,,,,2.2299957275390625,2.2299957275390625,0.0,1.7216657002766926,1.314165751139323,1.3100826122222993,56.71150483064326,161.27363135875027,160.935685378692,0.33794598005826515,-0.36843530528787954,160.3908348083496,160.96752846374517,160.3908348083496,5.128062243173815,170.64695929469724,150.13471032200198,3.730010986328125,5.3899993896484375,1.6599884033203125,5.3899993896484375,5.581820401278409,3.1399993896484375,0.0,1.5103055723674976,0.7642744759328522,5.0466009649013595,29.927184314185578,15.14434133485707,32.79863010282303,60.08760261274641,0,GOOGL,,,,,,,,,,,166.19000244140625,169.35000610351562,165.6199951171875,167.72999572753906,42846900.0,,,,,
2025-05-19,,,,,,0.3499908447265625,0.3499908447265625,0.0,1.6161522498497596,1.2130760779747596,1.3322760864386274,57.12342951957311,162.08384088603987,161.3508192977617,0.7330215882781772,-0.1481439265746682,160.8638469989483,161.49823939921066,160.8638469989483,5.197521597930849,171.25889019481,150.46880380308662,2.4199981689453125,0.4499969482421875,1.970001220703125,2.4199981689453125,5.318335215250651,0.0,1.399993896484375,1.3089314960518312,0.849037065339722,4.696387258773886,27.871029877411807,18.078514793547605,21.311451841334943,54.917449176558215,0,GOOGL,,,,,,,,,,,166.5399932861328,166.63999938964844,164.22000122070312,164.50999450683594,30363600.0,,,,,
2025-05-02,,,,,,6.69000244140625,6.69000244140625,0.0,3.345001220703125,0.0,33450012207.03125,99.99999999701046,281.5492201585036,281.01554475007237,0.5336754084312361,0.10673508168624722,283.864990234375,281.1571321033296,283.864990234375,4.730546092472918,293.3260824193208,274.4038980494292,14.970001220703125,,,14.970001220703125,14.970001220703125,0.0,0.0,0.0,0.0,14.970001220703125,0.0,0.0,,,0,TSLA,,,,,,,,,,,,,,,,287.2099914550781,294.7799987792969,279.80999755859375,284.8999938964844,114454700.0
2025-05-05,,,,,,-6.949981689453125,0.0,6.949981689453125,2.2300008138020835,2.3166605631510415,0.9625928153551568,49.046995781494445,281.3508800980607,280.9595791956688,0.3913009023918903,0.16364824582737586,282.663330078125,281.07169188069105,282.663330078125,3.9396693465139583,290.54266877115293,274.78399138509707,10.45001220703125,2.3599853515625,12.80999755859375,12.80999755859375,13.889999389648438,0.0,5.410003662109375,0.0,0.7213338216145834,14.682000732421876,0.0,4.913048533104081,100.0,100.0,0,TSLA,,,,,,,,,,,,,,,,280.260009765625,284.8500061035156,274.3999938964844,284.57000732421875,94618900.0
2025-05-06,,,,,,-4.910003662109375,0.0,4.910003662109375,1.6725006103515625,2.964996337890625,0.5640818468885579,36.064726920185855,280.42766871428455,280.54405526291674,-0.11638654863219244,0.10764128693546221,280.83499908447266,280.52676942572197,280.83499908447266,4.870164945458577,290.5753289753898,271.0946691935555,6.3800048828125,2.529998779296875,8.910003662109375,8.910003662109375,12.230000813802084,0.0,3.04998779296875,0.0,1.031821017795139,13.912401123046877,0.0,7.41655598245981,100.0,100.0,2,TSLA,,,,,,,,,,,,,,,,275.3500061035156,277.7300109863281,271.3500061035156,273.1099853515625,76715800.0
2025-05-07,,,,,,0.8699951171875,0.8699951171875,0.0,1.51199951171875,2.3719970703125,0.637437343653973,38.92896092326313,279.78033525373354,280.22375496349355,-0.44341970976000766,-0.0025709124036317615,279.91199951171876,280.116601025244,279.91199951171876,4.695585267408062,289.3031700465349,270.52082897690264,6.920013427734375,2.57000732421875,4.350006103515625,6.920013427734375,10.902503967285156,0.0,0.350006103515625,0.0,0.9409123625578706,12.980082763671877,0.0,7.248893398363047,100.0,100.0,0,TSLA,,,,,,,,,,,,,,,,276.2200012207031,277.9200134277344,271.0,276.8800048828125,71592600.0
2025-05-08,,,,,,8.600006103515625,8.600006103515625,0.0,2.693333943684896,1.9766642252604167,1.3625652294050117,57.67312633091447,280.5556694184236,280.564218101325,-0.008548682901448501,-0.0037664665031951097,280.73000081380206,280.5645444822892,280.73000081380206,4.653340046037882,290.0366809058778,271.4233207217263,10.389984130859375,13.579986572265625,3.19000244140625,13.579986572265625,11.43800048828125,11.879974365234375,0.0,1.58399658203125,0.8154573808834878,13.060069938151045,12.128545938365024,6.243897503958809,32.02975397845011,90.93730053046002,-2,TSLA,,,,,,,,,,,,,,,,284.82000732421875,289.79998779296875,279.4100036621094,279.6300048828125,97539400.0
2025-05-09,,,,,,13.44000244140625,13.44000244140625,0.0,4.228572300502232,1.6942836216517858,2.495787745460318,71.39414424406587,283.2794140872238,281.8750174838658,1.404396603358009,0.27786614746904575,283.23428780691967,282.24982689022596,283.23428780691967,7.8705030373329725,298.9752938815856,267.4932817322537,17.040008544921875,22.220001220703125,5.17999267578125,22.220001220703125,13.235000610351562,17.240020751953125,0.0,3.671466471354167,0.7067297300990228,14.28139410915799,25.70803972841718,4.948604629892751,67.71594064859639,87.8411192128782,1,TSLA,,,,,,,,,,,,,,,,298.260009765625,307.0400085449219,290.0,290.2099914550781,132387800.0
2025-05-12,,,,,,20.1199951171875,20.1199951171875,0.0,6.215000152587891,1.4824981689453125,4.192248113594756,80.74051974939871,288.67950497885283,284.57909062452853,4.1004143543243,1.0423757888400966,287.62750244140625,285.69079622285324,287.62750244140625,14.40479909388025,316.43710062916676,258.81790425364574,10.709991455078125,23.949981689453125,13.239990234375,23.949981689453125,14.765712193080358,15.16998291015625,0.0,5.204601996527778,0.6124990994191531,15.570539119864009,33.42595883457909,3.9337051511450984,78.9414318466663,86.65449423071662,-1,TSLA,,,,,,,,,,,,,,,,318.3800048828125,322.2099914550781,311.5,321.989990234375,112826700.0
2025-05-13,,,,,,15.69000244140625,15.69000244140625,0.0,7.26777818467882,1.3177761501736112,5.515184186001396,84.65123975852268,295.66265918583224,288.2450844541352,7.417574731697016,2.317415577411481,292.78778076171875,290.29834013726895,292.78778076171875,20.523576891125884,333.8349345439705,251.74062697946698,20.790008544921875,19.209991455078125,1.58001708984375,20.790008544921875,15.518749237060547,15.3800048828125,0.0,6.561322381365741,0.5308325528299327,16.26646837653839,40.33648994657827,3.2633546541397283,85.03042988329373,86.43795231772691,1,TSLA,,,,,,,,,,,,,,,,334.07000732421875,337.5899963378906,316.79998779296875,320.0,136992600.0
2025-05-14,,,,,,13.6099853515625,13.6099853515625,0.0,7.901998901367188,1.18599853515625,6.6627391741760125,86.94983638004967,303.6653258765936,292.6476702483312,11.01765562826239,4.057463587581663,298.277001953125,295.7632594266511,298.277001953125,25.99482235451292,350.26664666215083,246.28735724409918,13.0,15.92999267578125,2.92999267578125,15.92999267578125,15.564442952473959,12.410003662109375,0.0,7.341146552131559,0.460054879119275,16.22160494977077,45.25536514335653,2.8360626494345498,88.2055377450878,86.67363037470837,-1,TSLA,,,,,,,,,,,,,,,,347.67999267578125,350.0,337.0,342.5,136997300.0
2025-05-15,,,,,,-4.8599853515625,0.0,4.8599853515625,7.183635364879262,1.5199973366477273,4.726084178706376,82.5360583464926,309.6891230223821,296.36413966135996,13.324983361022134,5.910967542269757,302.3263660777699,300.2448544645147,302.3263660777699,28.080750671447287,358.48786742066443,246.1648647348753,11.420013427734375,1.53997802734375,12.959991455078125,12.959991455078125,15.303997802734376,0.0,2.279998779296875,6.362327011847352,0.7027140658096217,15.78672315047842,40.301758326930184,4.451297834967898,80.10729001896568,85.79811832727601,1,TSLA,,,,,,,,,,,,,,,,342.82000732421875,346.1400146484375,334.7200012207031,340.3399963378906,97882600.0
2025-05-16,,,,,,7.160003662109375,7.160003662109375,0.0,7.1816660563151045,1.3933308919270833,5.154314813092875,83.75123745908205,315.88772117068146,300.33568568543166,15.552035485249803,7.839181130865766,306.2975031534831,304.9815360380207,306.2975031534831,30.101217582896393,366.4999383192759,246.0950679876903,9.290008544921875,8.79998779296875,0.490020751953125,9.290008544921875,14.757271506569602,5.47998046875,0.0,6.244680806101038,0.6090188570350055,14.920494536404215,41.85304173976785,4.081760531120953,82.2280261181933,85.32210603273165,-1,TSLA,,,,,,,,,,,,,,,,349.9800109863281,351.6199951171875,342.3299865722656,346.239990234375,95895700.0
2025-05-19,,,,,,-7.8900146484375,0.0,7.8900146484375,6.629230205829327,1.8930757962740385,3.501830311563239,77.78681267858018,319.9188404271752,303.42859758561383,16.490242841561383,9.56939347300489,309.05077185997595,308.5156751141988,309.05077185997595,30.48151422945478,370.0138003188855,248.0877434010664,9.6300048828125,6.980010986328125,16.610015869140625,16.610015869140625,14.911666870117188,0.0,8.959991455078125,5.4120566986208996,1.7224818701074214,15.145764047435737,35.733137540441156,11.37269710998203,51.714274062311475,80.84106177000896,1,TSLA,,,,,,,,,,,,,,,,342.0899963378906,343.0,333.3699951171875,336.29998779296875,88409800.0
